,Job Title,Company Name,Location,Posted Date,Job Link
0,Data Analyst - Central Data Platform,Gojek,Jakarta,2023-09-12,https://id.linkedin.com/jobs/view/data-analyst-central-data-platform-at-gojek-3718618949?refId=%2FGEE4Bs%2BVS6YfeRdSF4puw%3D%3D&trackingId=NqRrxWPTk6fnTCY8Ihetmw%3D%3D&position=1&pageNum=0&trk=public_jobs_jserp-result_search-card
1,Data Analyst,Gojek,Jakarta,2023-09-19,https://id.linkedin.com/jobs/view/data-analyst-at-gojek-3706120445?refId=%2FGEE4Bs%2BVS6YfeRdSF4puw%3D%3D&trackingId=9Ff1pCIzLNYyrIYtaBd4YA%3D%3D&position=2&pageNum=0&trk=public_jobs_jserp-result_search-card
2,Data Analyst - Subscription,Gojek,Jakarta,2023-09-19,https://id.linkedin.com/jobs/view/data-analyst-subscription-at-gojek-3688243716?refId=%2FGEE4Bs%2BVS6YfeRdSF4puw%3D%3D&trackingId=y7pbEdI%2BJN2cgQX00ntggg%3D%3D&position=3&pageNum=0&trk=public_jobs_jserp-result_search-card
3,Data Analyst - Transport (Jakarta),Gojek,Jakarta,2023-09-13,https://id.linkedin.com/jobs/view/data-analyst-transport-jakarta-at-gojek-3719326779?refId=%2FGEE4Bs%2BVS6YfeRdSF4puw%3D%3D&trackingId=dvtrDJbn7QIVQy%2Fw5aFFJg%3D%3D&position=4&pageNum=0&trk=public_jobs_jserp-result_search-card
4,Data Analyst - Campaign Management,Gojek,Jakarta,2023-09-26,https://id.linkedin.com/jobs/view/data-analyst-campaign-management-at-gojek-3711205462?refId=%2FGEE4Bs%2BVS6YfeRdSF4puw%3D%3D&trackingId=V9PFLYpRDxTPQauptE4M4g%3D%3D&position=5&pageNum=0&trk=public_jobs_jserp-result_search-card
5,Data Analyst - Rewards,Gojek,Jakarta,2023-09-22,https://id.linkedin.com/jobs/view/data-analyst-rewards-at-gojek-3689664004?refId=%2FGEE4Bs%2BVS6YfeRdSF4puw%3D%3D&trackingId=jrbuEJ%2FURfkENPlvMUCEBQ%3D%3D&position=6&pageNum=0&trk=public_jobs_jserp-result_search-card
6,Data Analyst,Stockbit,Area DKI Jakarta,2023-09-05,https://id.linkedin.com/jobs/view/data-analyst-at-stockbit-3710633064?refId=%2FGEE4Bs%2BVS6YfeRdSF4puw%3D%3D&trackingId=M%2B8a%2FXOCmFZXn%2Bd1NqA%2BEw%3D%3D&position=7&pageNum=0&trk=public_jobs_jserp-result_search-card
7,Data Analytics Associate,Gravel,Area DKI Jakarta,2023-09-18,https://id.linkedin.com/jobs/view/data-analytics-associate-at-gravel-3718919281?refId=%2FGEE4Bs%2BVS6YfeRdSF4puw%3D%3D&trackingId=2LuShttVXbll2h4fiDMFgg%3D%3D&position=8&pageNum=0&trk=public_jobs_jserp-result_search-card
8,BI Analyst (SQL),Atome,Jakarta,2023-09-27,https://id.linkedin.com/jobs/view/bi-analyst-sql-at-atome-3728943143?refId=%2FGEE4Bs%2BVS6YfeRdSF4puw%3D%3D&trackingId=kI6F2kKlZKfSSdjpdTMAgQ%3D%3D&position=9&pageNum=0&trk=public_jobs_jserp-result_search-card
9,Data Analyst,AgriAku,Jakarta,2023-09-29,https://id.linkedin.com/jobs/view/data-analyst-at-agriaku-3728814933?refId=%2FGEE4Bs%2BVS6YfeRdSF4puw%3D%3D&trackingId=Y1MrXSQIFghkuBhglaIFfA%3D%3D&position=10&pageNum=0&trk=public_jobs_jserp-result_search-card
10,Data Analyst,Traveloka,Area DKI Jakarta,2023-08-11,https://id.linkedin.com/jobs/view/data-analyst-at-traveloka-3691368179?refId=%2FGEE4Bs%2BVS6YfeRdSF4puw%3D%3D&trackingId=Qfk7NImXmCsCIsoSlB2Tmg%3D%3D&position=11&pageNum=0&trk=public_jobs_jserp-result_search-card
11,Data Engineer,PT Lion Super Indo,"Jakarta Raya, Indonesia",2023-09-21,https://id.linkedin.com/jobs/view/data-engineer-at-pt-lion-super-indo-3720303473?refId=%2FGEE4Bs%2BVS6YfeRdSF4puw%3D%3D&trackingId=5pwVHxkJSdxb%2BjgpRhVvDg%3D%3D&position=12&pageNum=0&trk=public_jobs_jserp-result_search-card
12,Data Analyst,Kelola Talenta Global,Area DKI Jakarta,2023-09-29,https://id.linkedin.com/jobs/view/data-analyst-at-kelola-talenta-global-3730242165?refId=%2FGEE4Bs%2BVS6YfeRdSF4puw%3D%3D&trackingId=v0tpJoDnnkpLBOoW%2F451BA%3D%3D&position=13&pageNum=0&trk=public_jobs_jserp-result_search-card
13,Data Analyst Risk,Kredivo Group,"Jakarta Raya, Indonesia",2023-09-19,https://id.linkedin.com/jobs/view/data-analyst-risk-at-kredivo-group-3720741415?refId=%2FGEE4Bs%2BVS6YfeRdSF4puw%3D%3D&trackingId=16h8P%2BBwUCr8ySV2otHLkA%3D%3D&position=14&pageNum=0&trk=public_jobs_jserp-result_search-card
14,Junior Data Analyst,JULO,Area DKI Jakarta,2023-09-05,https://id.linkedin.com/jobs/view/junior-data-analyst-at-julo-3710633069?refId=%2FGEE4Bs%2BVS6YfeRdSF4puw%3D%3D&trackingId=LpiqI7Ix4lyuOf9qQJxogg%3D%3D&position=15&pageNum=0&trk=public_jobs_jserp-result_search-card
15,Business Intelligence,Moladin,Kota Jakarta Selatan,2023-09-07,https://id.linkedin.com/jobs/view/business-intelligence-at-moladin-3712649174?refId=%2FGEE4Bs%2BVS6YfeRdSF4puw%3D%3D&trackingId=wvvkJq3oXiLpGJlNSd95Uw%3D%3D&position=16&pageNum=0&trk=public_jobs_jserp-result_search-card
16,Business MIS Analyst,PT. Mandala Multifinance Tbk,"Jakarta Raya, Indonesia",2023-09-14,https://id.linkedin.com/jobs/view/business-mis-analyst-at-pt-mandala-multifinance-tbk-3712760145?refId=%2FGEE4Bs%2BVS6YfeRdSF4puw%3D%3D&trackingId=AU5%2BwctEZ9cJuKtvVh%2BiGA%3D%3D&position=17&pageNum=0&trk=public_jobs_jserp-result_search-card
17,Data Analyst,FIT HUB,Jakarta,2023-09-06,https://id.linkedin.com/jobs/view/data-analyst-at-fit-hub-3711147858?refId=%2FGEE4Bs%2BVS6YfeRdSF4puw%3D%3D&trackingId=5m9nrdx%2BzR3dredxhOvE5A%3D%3D&position=18&pageNum=0&trk=public_jobs_jserp-result_search-card
18,"Business Intelligence & Analytics Intern - Business Intelligence & Data Analytics, SeaBank",SeaBank Indonesia,Jakarta,2023-09-27,https://id.linkedin.com/jobs/view/business-intelligence-analytics-intern-business-intelligence-data-analytics-seabank-at-seabank-indonesia-3728782184?refId=%2FGEE4Bs%2BVS6YfeRdSF4puw%3D%3D&trackingId=q8TgSOfLI5NSc0GlmGp13A%3D%3D&position=19&pageNum=0&trk=public_jobs_jserp-result_search-card
19,Data Analyst,Staffinc Group,Jakarta,2023-06-08,https://id.linkedin.com/jobs/view/data-analyst-at-staffinc-group-3631617133?refId=%2FGEE4Bs%2BVS6YfeRdSF4puw%3D%3D&trackingId=j746DgLYPIPw7oKPU7klcA%3D%3D&position=20&pageNum=0&trk=public_jobs_jserp-result_search-card
20,Data Analyst - Mobility,Gojek,Jakarta,2023-09-15,https://id.linkedin.com/jobs/view/data-analyst-mobility-at-gojek-3702968978?refId=%2FGEE4Bs%2BVS6YfeRdSF4puw%3D%3D&trackingId=AICTuKLmQ%2FxnSzXO5z7KLg%3D%3D&position=21&pageNum=0&trk=public_jobs_jserp-result_search-card
21,Data Analyst,Cetta Online Class,Jakarta,2023-09-26,https://id.linkedin.com/jobs/view/data-analyst-at-cetta-online-class-3728603616?refId=%2FGEE4Bs%2BVS6YfeRdSF4puw%3D%3D&trackingId=PhBVfHIKGYUcoOHp2LY5Dg%3D%3D&position=22&pageNum=0&trk=public_jobs_jserp-result_search-card
22,Sales Data Analyst,SKINTIFIC,Jakarta,2023-09-23,https://id.linkedin.com/jobs/view/sales-data-analyst-at-skintific-3727420465?refId=%2FGEE4Bs%2BVS6YfeRdSF4puw%3D%3D&trackingId=OW06T0rM03Qd%2FgC7J46%2FRg%3D%3D&position=23&pageNum=0&trk=public_jobs_jserp-result_search-card
23,Data Analyst Lead,Gojek,Jakarta,2023-09-28,https://id.linkedin.com/jobs/view/data-analyst-lead-at-gojek-3676157950?refId=%2FGEE4Bs%2BVS6YfeRdSF4puw%3D%3D&trackingId=mw%2ByTPOsPqFRJbFecdtJdQ%3D%3D&position=24&pageNum=0&trk=public_jobs_jserp-result_search-card
24,Data Analyst (Python Sql & R),PT Shell Infotek Indonesia,Jakarta,2023-08-30,https://id.linkedin.com/jobs/view/data-analyst-consumer-lending-risk-at-traveloka-3727677170?refId=cOfPLBZstrbAceD76HXdLg%3D%3D&trackingId=JTvhC7WLM046YA3JaBoOHQ%3D%3D&position=1&pageNum=1&trk=public_jobs_jserp-result_search-card
25,Data Analyst (Consumer Lending - Risk),Traveloka,Area DKI Jakarta,2023-09-25,https://id.linkedin.com/jobs/view/data-analyst-insurance-at-traveloka-3597715701?refId=cOfPLBZstrbAceD76HXdLg%3D%3D&trackingId=YYQrRLHeVxKVkCtbebqxcA%3D%3D&position=2&pageNum=1&trk=public_jobs_jserp-result_search-card
26,Data Analyst - Insurance,Traveloka,Area DKI Jakarta,2023-04-09,https://id.linkedin.com/jobs/view/senior-data-analyst-remote-at-love-bonito-3729136534?refId=cOfPLBZstrbAceD76HXdLg%3D%3D&trackingId=8m5kealeG%2FVE4YbHrBb8iA%3D%3D&position=3&pageNum=1&trk=public_jobs_jserp-result_search-card
27,Senior Data Analyst (Remote),"Love, Bonito",Area DKI Jakarta,2023-09-27,https://id.linkedin.com/jobs/view/consumer-business-marketing-data-analyst-at-pt-bank-jago-tbk-3714444026?refId=cOfPLBZstrbAceD76HXdLg%3D%3D&trackingId=tCYk0hShI7caKyEDWCM2TA%3D%3D&position=4&pageNum=1&trk=public_jobs_jserp-result_search-card
28,Consumer Business Marketing Data Analyst,PT Bank Jago Tbk,Jakarta,2023-08-18,https://id.linkedin.com/jobs/view/data-analyst-fraud-at-traveloka-3730232473?refId=cOfPLBZstrbAceD76HXdLg%3D%3D&trackingId=G0RjZ9OoAj5PPwVjClNChQ%3D%3D&position=5&pageNum=1&trk=public_jobs_jserp-result_search-card
29,Data Analyst - Fraud,Traveloka,Area DKI Jakarta,2023-09-29,https://id.linkedin.com/jobs/view/data-analyst-at-wirehire-3722173366?refId=cOfPLBZstrbAceD76HXdLg%3D%3D&trackingId=pReMFABGIX2zOQOgvmJMQQ%3D%3D&position=6&pageNum=1&trk=public_jobs_jserp-result_search-card
30,Data Analyst,WireHire,Area DKI Jakarta,2023-09-19,https://id.linkedin.com/jobs/view/flight-data-analyst-at-traveloka-3569176363?refId=cOfPLBZstrbAceD76HXdLg%3D%3D&trackingId=WPDAwyx1lkSbj5Vuao5cuQ%3D%3D&position=8&pageNum=1&trk=public_jobs_jserp-result_search-card
31,Data Analyst,PT Bank Mayapada Internasional Tbk,Jakarta,2023-08-18,https://id.linkedin.com/jobs/view/senior-data-analyst-logistics-tech-at-byorange-3667170932?refId=cOfPLBZstrbAceD76HXdLg%3D%3D&trackingId=dQDpZAMuOHxJQm8dmdefSA%3D%3D&position=9&pageNum=1&trk=public_jobs_jserp-result_search-card
32,Flight Data Analyst,Traveloka,Area DKI Jakarta,2023-04-14,https://id.linkedin.com/jobs/view/data-analyst-at-nityo-infotech-3689516407?refId=cOfPLBZstrbAceD76HXdLg%3D%3D&trackingId=Z9ypgfljOaEYI0AKENF00g%3D%3D&position=10&pageNum=1&trk=public_jobs_jserp-result_search-card
33,Senior Data Analyst (Logistics Tech),byOrange,Jakarta,2023-06-22,https://id.linkedin.com/jobs/view/data-analytics-specialist-at-ringkas-3726569706?refId=cOfPLBZstrbAceD76HXdLg%3D%3D&trackingId=XL357hCFytVqoOeMvlq9uA%3D%3D&position=11&pageNum=1&trk=public_jobs_jserp-result_search-card
34,Data Analyst,Nityo Infotech,Jakarta,2023-08-17,https://id.linkedin.com/jobs/view/data-analyst-gt-school-remote-%2430-000-year-usd-at-crossover-3710740797?refId=cOfPLBZstrbAceD76HXdLg%3D%3D&trackingId=fr%2FdzLRE%2FuUb9B2BV8BnLg%3D%3D&position=12&pageNum=1&trk=public_jobs_jserp-result_search-card
35,Data Analytics Specialist,Ringkas,Area DKI Jakarta,2023-09-29,https://id.linkedin.com/jobs/view/data-engineer-at-pt-mitra-pinasthika-mustika-rent-mpm-rent-3705657345?refId=cOfPLBZstrbAceD76HXdLg%3D%3D&trackingId=5qf2yhP2dMr2uqjHJuF8yg%3D%3D&position=13&pageNum=1&trk=public_jobs_jserp-result_search-card
36,"Data Analyst, gt.school (Remote) - $30,000/year USD",Crossover,Area DKI Jakarta,2023-09-29,https://id.linkedin.com/jobs/view/principal-data-analyst-at-gojek-3716922922?refId=cOfPLBZstrbAceD76HXdLg%3D%3D&trackingId=B3s%2BSad5Z43li01MH4SZBw%3D%3D&position=14&pageNum=1&trk=public_jobs_jserp-result_search-card
37,Data Engineer,PT. Mitra Pinasthika Mustika Rent (MPM Rent),Tangerang Selatan,2023-09-06,https://id.linkedin.com/jobs/view/business-intelligence-analyst-intern-at-flash-coffee-3715853791?refId=cOfPLBZstrbAceD76HXdLg%3D%3D&trackingId=pOFoHyHAPYYgwElXjKz4vA%3D%3D&position=15&pageNum=1&trk=public_jobs_jserp-result_search-card
38,Principal Data Analyst,Gojek,Jakarta,2023-09-19,https://id.linkedin.com/jobs/view/data-analyst-senior-lead-at-gojek-3676162315?refId=cOfPLBZstrbAceD76HXdLg%3D%3D&trackingId=LiRdVDH9wAylqyk%2Fjdz5XA%3D%3D&position=16&pageNum=1&trk=public_jobs_jserp-result_search-card
39,Business Intelligence Analyst Intern,Flash Coffee,Jakarta,2023-08-24,https://id.linkedin.com/jobs/view/senior-data-analyst-at-julo-3726604247?refId=cOfPLBZstrbAceD76HXdLg%3D%3D&trackingId=xNpBvvedm5s8eHWxNtBGWA%3D%3D&position=17&pageNum=1&trk=public_jobs_jserp-result_search-card
40,Data Analyst Senior Lead,Gojek,Jakarta,2023-09-28,https://id.linkedin.com/jobs/view/senior-data-analyst-fintech-at-goto-financial-3691786923?refId=cOfPLBZstrbAceD76HXdLg%3D%3D&trackingId=LIlBulFEXW0s%2BS1VaQ1khA%3D%3D&position=18&pageNum=1&trk=public_jobs_jserp-result_search-card
41,Senior Data Analyst,JULO,Jakarta Selatan,2023-09-25,https://id.linkedin.com/jobs/view/digital-analytics-consultant-indonesia-at-fifty-five-3723965979?refId=cOfPLBZstrbAceD76HXdLg%3D%3D&trackingId=vXOlolKYFFgRyLQCxLJ5iQ%3D%3D&position=19&pageNum=1&trk=public_jobs_jserp-result_search-card
42,Senior Data Analyst - Fintech,GoTo Financial,Area DKI Jakarta,2023-09-12,https://id.linkedin.com/jobs/view/data-analytics-user-platform-at-traveloka-3660664723?refId=cOfPLBZstrbAceD76HXdLg%3D%3D&trackingId=5imm7NLCWI6qIBBJ3y4esA%3D%3D&position=20&pageNum=1&trk=public_jobs_jserp-result_search-card
43,Digital Analytics Consultant - Indonesia,fifty-five,Jakarta,2023-09-21,https://id.linkedin.com/jobs/view/senior-data-analyst-at-amar-bank-3575812833?refId=cOfPLBZstrbAceD76HXdLg%3D%3D&trackingId=oWFesPKxJwJhLw3Gt6rJMg%3D%3D&position=21&pageNum=1&trk=public_jobs_jserp-result_search-card
44,Data Analytics - User Platform,Traveloka,Area DKI Jakarta,2023-07-11,https://id.linkedin.com/jobs/view/analytics-engineer-business-intelligence-at-shopee-3730247278?refId=cOfPLBZstrbAceD76HXdLg%3D%3D&trackingId=AeNeGiCQgoUwcakfPVS8Dw%3D%3D&position=22&pageNum=1&trk=public_jobs_jserp-result_search-card
45,Senior Data Analyst,Amar Bank,Jakarta,2023-03-29,https://id.linkedin.com/jobs/view/data-analyst-data-management-function-at-mufg-3679531209?refId=cOfPLBZstrbAceD76HXdLg%3D%3D&trackingId=R5py%2BrI%2F56pEPWI6BfyE3A%3D%3D&position=23&pageNum=1&trk=public_jobs_jserp-result_search-card
46,Analytics Engineer - Business Intelligence,Shopee,"Jakarta Raya, Indonesia",2023-09-29,https://id.linkedin.com/jobs/view/data-engineer-at-indodana-3712665949?refId=cOfPLBZstrbAceD76HXdLg%3D%3D&trackingId=Nu5UoA%2FVWSFT0qPQN8l6Zg%3D%3D&position=24&pageNum=1&trk=public_jobs_jserp-result_search-card
47,Data Analyst - Data Management Function,MUFG,"Jakarta Raya, Indonesia",2023-08-14,https://id.linkedin.com/jobs/view/data-engineer-associate-at-gravel-3718916683?refId=cOfPLBZstrbAceD76HXdLg%3D%3D&trackingId=x4h7Epvi7vVECeOBw7aflw%3D%3D&position=25&pageNum=1&trk=public_jobs_jserp-result_search-card
48,Data Engineer,Indodana,Jakarta,2023-09-08,https://id.linkedin.com/jobs/view/data-analyst-multinational-manufacturing-industry-at-michael-page-3575869131?refId=aKt3j1ofJoavgrPfZ7KHDQ%3D%3D&trackingId=GTfZtAGV3lUAZe%2FvHqVU8w%3D%3D&position=2&pageNum=2&trk=public_jobs_jserp-result_search-card
49,Data Engineer Associate,Gravel,Area DKI Jakarta,2023-09-18,https://id.linkedin.com/jobs/view/data-engineer-at-pt-asuransi-msig-indonesia-3711153390?refId=aKt3j1ofJoavgrPfZ7KHDQ%3D%3D&trackingId=wYdaVbwIbiq2GIMCrVAGaA%3D%3D&position=4&pageNum=2&trk=public_jobs_jserp-result_search-card
50,Data Engineer Analyst,PT Bank Mayapada Internasional Tbk,Jakarta,2023-08-18,https://id.linkedin.com/jobs/view/data-center-engineer-at-pt-kairos-utama-indonesia-3708223130?refId=aKt3j1ofJoavgrPfZ7KHDQ%3D%3D&trackingId=dZTLfdtkW6dEYGSe7wQNyg%3D%3D&position=5&pageNum=2&trk=public_jobs_jserp-result_search-card
51,Data Analyst - Multinational Manufacturing Industry,Michael Page,Area DKI Jakarta,2023-03-29,https://id.linkedin.com/jobs/view/senior-data-analyst-at-fazz-3728596531?refId=aKt3j1ofJoavgrPfZ7KHDQ%3D%3D&trackingId=G7z0%2FMwf71AoALzYIs6YOg%3D%3D&position=6&pageNum=2&trk=public_jobs_jserp-result_search-card
52,Data & Mine Analyst Officer,PT. Anzawara Satria,Jakarta,2023-09-29,https://id.linkedin.com/jobs/view/data-analyst-credit-risk-at-wenetwork-3726366161?refId=aKt3j1ofJoavgrPfZ7KHDQ%3D%3D&trackingId=veybGPkNOmImJ967%2BM%2BS2A%3D%3D&position=7&pageNum=2&trk=public_jobs_jserp-result_search-card
53,Data Engineer,PT. Asuransi MSIG Indonesia,Jakarta,2023-09-06,https://id.linkedin.com/jobs/view/jr-data-engineer-talent-pool-at-staffinc-group-3656159459?refId=aKt3j1ofJoavgrPfZ7KHDQ%3D%3D&trackingId=IKEHkunyUdjIxlOQXQGuTg%3D%3D&position=8&pageNum=2&trk=public_jobs_jserp-result_search-card
54,Data Center Engineer,PT. Kairos Utama Indonesia,Jakarta,2023-08-30,https://id.linkedin.com/jobs/view/data-engineer-data-warehouse-business-intelligence-at-shopee-3611205740?refId=aKt3j1ofJoavgrPfZ7KHDQ%3D%3D&trackingId=f7YZenBFQUYwihGaWcT5%2BA%3D%3D&position=11&pageNum=2&trk=public_jobs_jserp-result_search-card
55,Senior Data Analyst,Fazz,Jakarta,2023-09-29,https://id.linkedin.com/jobs/view/data-analyst-fraud-forensics-at-xendit-3713158476?refId=aKt3j1ofJoavgrPfZ7KHDQ%3D%3D&trackingId=uTVmx9ugod8Hq7LtxdXo%2Bg%3D%3D&position=12&pageNum=2&trk=public_jobs_jserp-result_search-card
56,Data Analyst (Credit Risk),WeNetwork,"Jakarta Raya, Indonesia",2023-09-07,https://id.linkedin.com/jobs/view/analyst-workday-hcm-functional-data-id-at-deloitte-3715805542?refId=aKt3j1ofJoavgrPfZ7KHDQ%3D%3D&trackingId=3qG6rbnXt29ZVLXRqLdLhQ%3D%3D&position=13&pageNum=2&trk=public_jobs_jserp-result_search-card
57,Jr. Data Engineer (Talent Pool),Staffinc Group,Jakarta,2023-07-05,https://id.linkedin.com/jobs/view/senior-data-analyst-at-fazz-3673089691?refId=aKt3j1ofJoavgrPfZ7KHDQ%3D%3D&trackingId=xPfZZOKpwRs8I22nzBbXiQ%3D%3D&position=14&pageNum=2&trk=public_jobs_jserp-result_search-card
58,Data Governance Analyst,PT Bank Mayapada Internasional Tbk,Jakarta,2023-08-15,https://id.linkedin.com/jobs/view/internship-data-engineer-at-hukumonline-com-3727306141?refId=aKt3j1ofJoavgrPfZ7KHDQ%3D%3D&trackingId=qK1%2BKWOO9rT%2Fe41ZMtzSJA%3D%3D&position=15&pageNum=2&trk=public_jobs_jserp-result_search-card
59,Data Governance Analyst,PT Bank Mayapada Internasional Tbk,Jakarta,2023-08-15,https://id.linkedin.com/jobs/view/business-intelligence-analyst-corporate-strategy-at-mekari-3723294355?refId=aKt3j1ofJoavgrPfZ7KHDQ%3D%3D&trackingId=CBRMoHgjNCTWvvCe5r4ZuA%3D%3D&position=16&pageNum=2&trk=public_jobs_jserp-result_search-card
60,"Data Engineer (Data Warehouse), Business Intelligence",Shopee,"Jakarta Raya, Indonesia",2023-09-28,https://id.linkedin.com/jobs/view/data-engineer-at-horego-3710661516?refId=aKt3j1ofJoavgrPfZ7KHDQ%3D%3D&trackingId=yp6uRRLgMhmXE1FyJdRv%2Bg%3D%3D&position=17&pageNum=2&trk=public_jobs_jserp-result_search-card
61,Data Analyst - Fraud Forensics,Xendit,Jakarta,2023-09-05,https://id.linkedin.com/jobs/view/business-intelligence-analyst-digital-banking-business-seabank-at-seabank-indonesia-3611204897?refId=aKt3j1ofJoavgrPfZ7KHDQ%3D%3D&trackingId=3Rk%2FKcmsLBnrqOu9EPLP3w%3D%3D&position=18&pageNum=2&trk=public_jobs_jserp-result_search-card
62,Analyst - Workday HCM Functional/ Data - ID,Deloitte,Jakarta,2023-09-18,https://id.linkedin.com/jobs/view/customer-loyalty-sla-control-tower-data-analyst-at-ninja-van-3688883670?refId=aKt3j1ofJoavgrPfZ7KHDQ%3D%3D&trackingId=EmoRyWXLwGGrqR5WWsp5tg%3D%3D&position=19&pageNum=2&trk=public_jobs_jserp-result_search-card
63,Senior Data Analyst,Fazz,Jakarta,2023-07-22,https://id.linkedin.com/jobs/view/data-analyst-at-turing-3705286338?refId=aKt3j1ofJoavgrPfZ7KHDQ%3D%3D&trackingId=MdwFouVGLd%2FMCcqVD5wtpg%3D%3D&position=20&pageNum=2&trk=public_jobs_jserp-result_search-card
64,Internship Data Engineer,Hukumonline.com,Jakarta,2023-09-26,https://id.linkedin.com/jobs/view/data-engineer-at-zenius-3697999510?refId=aKt3j1ofJoavgrPfZ7KHDQ%3D%3D&trackingId=SpPXHCHgjIwn9S5ujjwqIg%3D%3D&position=22&pageNum=2&trk=public_jobs_jserp-result_search-card
65,Business Intelligence Analyst (Corporate Strategy),Mekari,Jakarta,2023-09-20,https://id.linkedin.com/jobs/view/analytics-engineer-at-bithealth-3722494647?refId=aKt3j1ofJoavgrPfZ7KHDQ%3D%3D&trackingId=bwtJKfejhAx9AdaK%2FsHkrQ%3D%3D&position=23&pageNum=2&trk=public_jobs_jserp-result_search-card
66,Data Engineer,Horego,Area DKI Jakarta,2023-09-05,https://id.linkedin.com/jobs/view/ground-transport-data-analyst-at-traveloka-3607792851?refId=aKt3j1ofJoavgrPfZ7KHDQ%3D%3D&trackingId=zz2NBXDle5axlZJBGnJ23Q%3D%3D&position=24&pageNum=2&trk=public_jobs_jserp-result_search-card
67,"Business Intelligence & Analyst - Digital Banking Business, SeaBank",SeaBank Indonesia,Jakarta,2023-09-29,https://id.linkedin.com/jobs/view/data-engineer-at-abhidi-solution-3725981907?refId=aKt3j1ofJoavgrPfZ7KHDQ%3D%3D&trackingId=DkTgCaZ3dw7DqbMWs%2BK61Q%3D%3D&position=25&pageNum=2&trk=public_jobs_jserp-result_search-card
68,Customer Loyalty SLA Control Tower & Data Analyst,Ninja Van,Area DKI Jakarta,2023-09-22,https://id.linkedin.com/jobs/view/it-solution-data-analyst-at-matchatalent-3727636618?refId=ATYo9u5DfyN2g2dCs8IxqA%3D%3D&trackingId=pJH8i1iWeOzDdMUwgWqyzA%3D%3D&position=1&pageNum=3&trk=public_jobs_jserp-result_search-card
69,Data Analyst,Turing,Area DKI Jakarta,2023-08-27,https://id.linkedin.com/jobs/view/data-engineer-data-warehouse-at-traveloka-3706146417?refId=ATYo9u5DfyN2g2dCs8IxqA%3D%3D&trackingId=K9KOl5gN8iAynwG5lNdAbg%3D%3D&position=2&pageNum=3&trk=public_jobs_jserp-result_search-card
70,Data Analyst (Tableu & BI),PT Shell Infotek Indonesia,Jakarta,2023-08-30,https://id.linkedin.com/jobs/view/data-engineer-at-code-id-3720926014?refId=ATYo9u5DfyN2g2dCs8IxqA%3D%3D&trackingId=youG6o0GP%2BlmMGMD4yH%2BEg%3D%3D&position=3&pageNum=3&trk=public_jobs_jserp-result_search-card
71,Data Engineer,Zenius,Area DKI Jakarta,2023-08-18,https://id.linkedin.com/jobs/view/data-engineer-at-cermati-com-3708151291?refId=ATYo9u5DfyN2g2dCs8IxqA%3D%3D&trackingId=4HVp4LvckdglflwZFaX8fw%3D%3D&position=4&pageNum=3&trk=public_jobs_jserp-result_search-card
72,Analytics Engineer,BitHealth,Kota Tangerang,2023-09-25,https://id.linkedin.com/jobs/view/data-science-analyst-at-accenture-southeast-asia-3729429890?refId=ATYo9u5DfyN2g2dCs8IxqA%3D%3D&trackingId=iOy%2BrsHtHtkybLBuCkuRUA%3D%3D&position=5&pageNum=3&trk=public_jobs_jserp-result_search-card
73,Ground Transport Data Analyst,Traveloka,Area DKI Jakarta,2023-05-15,https://id.linkedin.com/jobs/view/senior-data-analyst-ecommerce-startup-hybrid-at-michael-page-3575863895?refId=ATYo9u5DfyN2g2dCs8IxqA%3D%3D&trackingId=kP3zXnx6nMvWCYS7UFNzdg%3D%3D&position=6&pageNum=3&trk=public_jobs_jserp-result_search-card
74,Data Engineer,Abhidi Solution,Jakarta,2023-08-28,https://id.linkedin.com/jobs/view/data-engineer-at-rimm-sustainability-3673970440?refId=ATYo9u5DfyN2g2dCs8IxqA%3D%3D&trackingId=uTVHcSn6BYa6Y5Cun7V56w%3D%3D&position=7&pageNum=3&trk=public_jobs_jserp-result_search-card
75,(IT Solution) Data Analyst,MatchaTalent,Jakarta,2023-09-24,https://id.linkedin.com/jobs/view/system-engineer-at-pt-astra-graphia-information-technology-agit-3695203585?refId=ATYo9u5DfyN2g2dCs8IxqA%3D%3D&trackingId=iqlWrECj%2FHZmrCCOhqryNg%3D%3D&position=8&pageNum=3&trk=public_jobs_jserp-result_search-card
76,Data Engineer - Data Warehouse,Traveloka,Area DKI Jakarta,2023-08-28,https://id.linkedin.com/jobs/view/lead-data-analyst-agritech-at-michael-page-3635123413?refId=ATYo9u5DfyN2g2dCs8IxqA%3D%3D&trackingId=n%2BpavVj42DvVglOwj4EOFg%3D%3D&position=9&pageNum=3&trk=public_jobs_jserp-result_search-card
77,Data Engineer,CODE.ID,Jakarta,2023-09-14,https://id.linkedin.com/jobs/view/data-engineer-at-vlink-inc-3723707345?refId=ATYo9u5DfyN2g2dCs8IxqA%3D%3D&trackingId=HYkaKudcO0oXQrYItvupZQ%3D%3D&position=10&pageNum=3&trk=public_jobs_jserp-result_search-card
78,Data Engineer,cermati.com,Area DKI Jakarta,2023-09-08,https://id.linkedin.com/jobs/view/business-system-analyst-at-traveloka-3725775416?refId=ATYo9u5DfyN2g2dCs8IxqA%3D%3D&trackingId=VU1H8sf%2BLvRtJh%2BEkeovSw%3D%3D&position=11&pageNum=3&trk=public_jobs_jserp-result_search-card
79,Data Science Analyst,Accenture Southeast Asia,Area DKI Jakarta,2023-09-22,https://id.linkedin.com/jobs/view/senior-data-analyst-banking-at-amar-bank-3688188513?refId=ATYo9u5DfyN2g2dCs8IxqA%3D%3D&trackingId=QeCK5l%2Bo0cZyRex1FAMA3g%3D%3D&position=13&pageNum=3&trk=public_jobs_jserp-result_search-card
80,Senior Data Analyst - eCommerce Startup - Hybrid,Michael Page,Area DKI Jakarta,2023-03-29,https://id.linkedin.com/jobs/view/database-engineer-at-pt-alto-network-3711209343?refId=ATYo9u5DfyN2g2dCs8IxqA%3D%3D&trackingId=NMJhHIXz7mbWyjJZEZKywQ%3D%3D&position=14&pageNum=3&trk=public_jobs_jserp-result_search-card
81,Data Engineer,Rimm Sustainability,Area DKI Jakarta,2023-06-29,https://id.linkedin.com/jobs/view/senior-analyst-fp-a-data-specialist-at-gojek-3710021521?refId=ATYo9u5DfyN2g2dCs8IxqA%3D%3D&trackingId=xjRKoT5ymooSZrk%2BfaxigQ%3D%3D&position=15&pageNum=3&trk=public_jobs_jserp-result_search-card
82,System Engineer,PT. Astra Graphia Information Technology (AGIT),"Jakarta Raya, Indonesia",2023-08-16,https://id.linkedin.com/jobs/view/database-engineer-at-pt-neural-technologies-indonesia-3624459744?refId=ATYo9u5DfyN2g2dCs8IxqA%3D%3D&trackingId=fAv9gGPGcQD9o0gwFlWStQ%3D%3D&position=16&pageNum=3&trk=public_jobs_jserp-result_search-card
83,Lead Data Analyst - Agritech,Michael Page,Area DKI Jakarta,2023-06-06,https://id.linkedin.com/jobs/view/sales-data-analyst-spv-at-pt-tritunggal-multi-cemerlang-3706508293?refId=ATYo9u5DfyN2g2dCs8IxqA%3D%3D&trackingId=UfNwYCfOm1Exg77AvTIMfw%3D%3D&position=17&pageNum=3&trk=public_jobs_jserp-result_search-card
84,Data Engineer,VLink Inc,Area DKI Jakarta,2023-09-18,https://id.linkedin.com/jobs/view/data-engineer-at-magna-solusi-indonesia-3704201891?refId=ATYo9u5DfyN2g2dCs8IxqA%3D%3D&trackingId=ZzzcwD%2BXny65qIUGydEURw%3D%3D&position=18&pageNum=3&trk=public_jobs_jserp-result_search-card
85,Business System Analyst,Traveloka,Area DKI Jakarta,2023-09-22,https://id.linkedin.com/jobs/view/data-engineer-at-julo-3711151555?refId=ATYo9u5DfyN2g2dCs8IxqA%3D%3D&trackingId=a6%2BVyOs1Y3uDzVcIN%2FshsQ%3D%3D&position=19&pageNum=3&trk=public_jobs_jserp-result_search-card
86,Planning Officer (Data Analyst),PT RGF Human Resources Agent Indonesia,Jakarta,2023-08-21,https://id.linkedin.com/jobs/view/marketing-intelligence-at-fit-hub-3719300478?refId=ATYo9u5DfyN2g2dCs8IxqA%3D%3D&trackingId=xsJdXgGIuxjPqt4cw%2BkrFg%3D%3D&position=20&pageNum=3&trk=public_jobs_jserp-result_search-card
87,Senior Data Analyst (Banking),Amar Bank,"Jakarta Raya, Indonesia",2023-09-24,https://id.linkedin.com/jobs/view/data-engineer-at-nri-nomura-research-institute-3695200756?refId=ATYo9u5DfyN2g2dCs8IxqA%3D%3D&trackingId=5Jx82ieC4dL9JEkKaETAbw%3D%3D&position=21&pageNum=3&trk=public_jobs_jserp-result_search-card
88,Database Engineer,PT Alto Network,Area DKI Jakarta,2023-09-04,https://id.linkedin.com/jobs/view/driver-pribadi-at-pt-indonesia-premium-goods-3700020024?refId=ATYo9u5DfyN2g2dCs8IxqA%3D%3D&trackingId=iZrF3nLD4DboICYUuGHmfg%3D%3D&position=22&pageNum=3&trk=public_jobs_jserp-result_search-card
89,Senior Analyst FP&A - Data Specialist,Gojek,Jakarta,2023-09-23,https://id.linkedin.com/jobs/view/data-engineer-data-warehouse-at-traveloka-3687781326?refId=ATYo9u5DfyN2g2dCs8IxqA%3D%3D&trackingId=6%2B9NFhMk86%2Ffd4SzdeAZhg%3D%3D&position=23&pageNum=3&trk=public_jobs_jserp-result_search-card
90,Database Engineer,PT. Neural Technologies Indonesia,Area DKI Jakarta,2023-05-12,https://id.linkedin.com/jobs/view/market-intelligence-at-pt-asuransi-msig-indonesia-3714111945?refId=ATYo9u5DfyN2g2dCs8IxqA%3D%3D&trackingId=BGGEaaLIIwnzhVrqqQEaWg%3D%3D&position=24&pageNum=3&trk=public_jobs_jserp-result_search-card
91,Sales Data Analyst SPV,PT Tritunggal Multi Cemerlang,Jakarta,2023-09-07,https://id.linkedin.com/jobs/view/business-intelligence-data-analyst-at-turing-3705270318?refId=ATYo9u5DfyN2g2dCs8IxqA%3D%3D&trackingId=tGnJKnTFRIMGJigSlK%2FcIA%3D%3D&position=25&pageNum=3&trk=public_jobs_jserp-result_search-card
92,Data Engineer,Magna Solusi Indonesia,Jakarta,2023-08-25,https://id.linkedin.com/jobs/view/lead-data-analyst-fintech-at-michael-page-3696840980?refId=i%2Btojunq93vN7YaKUHo16Q%3D%3D&trackingId=b%2FQz7DR418vAtU2D%2FXbSsw%3D%3D&position=1&pageNum=4&trk=public_jobs_jserp-result_search-card
93,Data Engineer,JULO,Jakarta,2023-09-06,https://id.linkedin.com/jobs/view/data-engineer-at-vlink-inc-3721021939?refId=i%2Btojunq93vN7YaKUHo16Q%3D%3D&trackingId=5P1O%2BTjEF4t9ozxiRBrYmQ%3D%3D&position=2&pageNum=4&trk=public_jobs_jserp-result_search-card
94,Marketing Intelligence,FIT HUB,Jakarta Selatan,2023-09-13,https://id.linkedin.com/jobs/view/audit-data-analytics-system-development-at-amartha-microfinance-3711151545?refId=i%2Btojunq93vN7YaKUHo16Q%3D%3D&trackingId=SnHf02zfwj5GhqimN3QtMQ%3D%3D&position=4&pageNum=4&trk=public_jobs_jserp-result_search-card
95,Data Engineer,NRI (Nomura Research Institute),Jakarta,2023-08-16,https://id.linkedin.com/jobs/view/mysql-database-developer-at-sml-pt-sarana-maju-lestari-3716700196?refId=i%2Btojunq93vN7YaKUHo16Q%3D%3D&trackingId=KWWNdMtzpjKVmdCtn9m1nA%3D%3D&position=5&pageNum=4&trk=public_jobs_jserp-result_search-card
96,Driver Pribadi,PT Indonesia Premium Goods,Kota Bekasi,2023-08-29,https://id.linkedin.com/jobs/view/data-engineer-at-gue-ecosystem-3694546323?refId=i%2Btojunq93vN7YaKUHo16Q%3D%3D&trackingId=ruv1nzJgHWxoHzTo846EOQ%3D%3D&position=6&pageNum=4&trk=public_jobs_jserp-result_search-card
97,Data Engineer - Data Warehouse,Traveloka,Area DKI Jakarta,2023-08-07,https://id.linkedin.com/jobs/view/data-engineer-games-at-sea-3562463104?refId=i%2Btojunq93vN7YaKUHo16Q%3D%3D&trackingId=g4FHh%2BRw1j25NLUGquPQBA%3D%3D&position=7&pageNum=4&trk=public_jobs_jserp-result_search-card
98,Market Intelligence,PT. Asuransi MSIG Indonesia,Jakarta,2023-09-11,https://id.linkedin.com/jobs/view/manager-data-engineer-at-bank-jasa-jakarta-3718283220?refId=i%2Btojunq93vN7YaKUHo16Q%3D%3D&trackingId=lpfHZiYc0AK%2F%2BwwRYhbPxQ%3D%3D&position=8&pageNum=4&trk=public_jobs_jserp-result_search-card
99,Business Intelligence Data Analyst,Turing,Area DKI Jakarta,2023-08-27,https://id.linkedin.com/jobs/view/data-engineer-technology-consultant-at-ey-3713816274?refId=i%2Btojunq93vN7YaKUHo16Q%3D%3D&trackingId=PZ6J%2BH1pxkxAWgqvQ64Hew%3D%3D&position=9&pageNum=4&trk=public_jobs_jserp-result_search-card
100,Lead Data Analyst - Fintech,Michael Page,Area DKI Jakarta,2023-08-25,https://id.linkedin.com/jobs/view/analytics-engineer-consumer-lending-at-goto-financial-3700041211?refId=i%2Btojunq93vN7YaKUHo16Q%3D%3D&trackingId=%2FdYcNFv6FbO%2BarFGTkljcg%3D%3D&position=10&pageNum=4&trk=public_jobs_jserp-result_search-card
101,Data Engineer,VLink Inc,Area DKI Jakarta,2023-09-15,https://id.linkedin.com/jobs/view/marketing-data-analytics-manager-at-gojek-3683364669?refId=i%2Btojunq93vN7YaKUHo16Q%3D%3D&trackingId=hTGBixDhI1s3oiMG0INe8Q%3D%3D&position=11&pageNum=4&trk=public_jobs_jserp-result_search-card
102,Data & Mine Analyst Supervisor,PT. Anzawara Satria,Jakarta,2023-09-29,https://id.linkedin.com/jobs/view/data-engineer-at-ntt-ltd-3681295937?refId=i%2Btojunq93vN7YaKUHo16Q%3D%3D&trackingId=LBNh5CXE%2FiLftVstq7HPsw%3D%3D&position=12&pageNum=4&trk=public_jobs_jserp-result_search-card
103,Audit Data Analytics & System Development,Amartha Microfinance,Jakarta,2023-09-06,https://id.linkedin.com/jobs/view/digital-media-analyst-at-pt-santos-jaya-abadi-kapal-api-global-3711150587?refId=i%2Btojunq93vN7YaKUHo16Q%3D%3D&trackingId=oHrcea7bFD41qkQsHmRzRQ%3D%3D&position=13&pageNum=4&trk=public_jobs_jserp-result_search-card
104,MySQL Database Developer,SML (PT Sarana Maju Lestari),Jakarta,2023-09-14,https://id.linkedin.com/jobs/view/data-engineer-at-nityo-infotech-3689511861?refId=i%2Btojunq93vN7YaKUHo16Q%3D%3D&trackingId=%2F%2F8dGbd1Vn%2FqVT4fc4h18g%3D%3D&position=14&pageNum=4&trk=public_jobs_jserp-result_search-card
105,Data Engineer,GUE Ecosystem,Kota Tangerang,2023-08-15,https://id.linkedin.com/jobs/view/software-engineer-sql-at-allianz-indonesia-3727353519?refId=i%2Btojunq93vN7YaKUHo16Q%3D%3D&trackingId=dWRT7YWeJCRsQWBZQPjenQ%3D%3D&position=15&pageNum=4&trk=public_jobs_jserp-result_search-card
106,Data Engineer (Games),Sea,"Jakarta Raya, Indonesia",2023-09-09,https://id.linkedin.com/jobs/view/data-engineer-at-pt-eikon-technology-3710632387?refId=i%2Btojunq93vN7YaKUHo16Q%3D%3D&trackingId=0Ftg%2Fgwdo%2FdsR%2Fcgmasa5Q%3D%3D&position=17&pageNum=4&trk=public_jobs_jserp-result_search-card
107,"Manager, Data Engineer",Bank Jasa Jakarta,"Jakarta Raya, Indonesia",2023-09-20,https://id.linkedin.com/jobs/view/business-data-analyst-investment-tech-of-big-conglo-at-michael-page-3681420183?refId=i%2Btojunq93vN7YaKUHo16Q%3D%3D&trackingId=QoE5bMH4A0zmCnd1%2FKFnMQ%3D%3D&position=19&pageNum=4&trk=public_jobs_jserp-result_search-card
108,Data Engineer (Technology Consultant),EY,Jakarta,2023-09-28,https://id.linkedin.com/jobs/view/data-engineer-at-accenture-southeast-asia-3729436208?refId=i%2Btojunq93vN7YaKUHo16Q%3D%3D&trackingId=YKFnoKERzZ0lgNcQBSA6yQ%3D%3D&position=20&pageNum=4&trk=public_jobs_jserp-result_search-card
109,Analytics Engineer - Consumer Lending,GoTo Financial,Area DKI Jakarta,2023-09-20,https://id.linkedin.com/jobs/view/lead-data-engineer-at-indodana-3693939640?refId=i%2Btojunq93vN7YaKUHo16Q%3D%3D&trackingId=BOX%2BcWec7nLDAaqhmQUXxw%3D%3D&position=21&pageNum=4&trk=public_jobs_jserp-result_search-card
110,Marketing Data Analytics Manager,Gojek,Jakarta,2023-09-15,https://id.linkedin.com/jobs/view/business-intelligence-developer-at-lancesoft-inc-3712772198?refId=i%2Btojunq93vN7YaKUHo16Q%3D%3D&trackingId=6BnnHSYehTZiO25Z2IqCTw%3D%3D&position=22&pageNum=4&trk=public_jobs_jserp-result_search-card
111,Data Engineer,NTT Ltd.,Jakarta,2023-09-12,https://id.linkedin.com/jobs/view/data-analyst-senior-data-analyst-bangkok-based-relocation-support-provided-at-agoda-3727087488?refId=i%2Btojunq93vN7YaKUHo16Q%3D%3D&trackingId=63y8XPgNccOAXagr62iP2Q%3D%3D&position=24&pageNum=4&trk=public_jobs_jserp-result_search-card
112,Digital Media Analyst,PT SANTOS JAYA ABADI (Kapal Api Global),Jakarta,2023-09-06,https://id.linkedin.com/jobs/view/power-bi-report-developer-at-beca-3555144881?refId=%2BAzaoZG2IAV7YcW0VgFQgA%3D%3D&trackingId=0Pih6xzTjBKOjh6fRZth2Q%3D%3D&position=1&pageNum=5&trk=public_jobs_jserp-result_search-card
113,Data Engineer,Nityo Infotech,Jakarta,2023-08-17,https://id.linkedin.com/jobs/view/business-system-analyst-at-traveloka-3706632019?refId=%2BAzaoZG2IAV7YcW0VgFQgA%3D%3D&trackingId=hAILRxIN%2F45t9pjwZYouIA%3D%3D&position=2&pageNum=5&trk=public_jobs_jserp-result_search-card
114,Software Engineer (SQL),Allianz Indonesia,Jakarta,2023-09-26,https://id.linkedin.com/jobs/view/business-analyst-retail-at-michael-page-3635842755?refId=%2BAzaoZG2IAV7YcW0VgFQgA%3D%3D&trackingId=%2Bn%2F4ag2sTpzccDMzzRuqcw%3D%3D&position=3&pageNum=5&trk=public_jobs_jserp-result_search-card
115,Data Analyst (Power BI) - IT Consulting (A-97232),PT RGF Human Resources Agent Indonesia,Area DKI Jakarta,2023-08-09,https://id.linkedin.com/jobs/view/data-management-global-series-b-fintech-at-michael-page-3575864594?refId=%2BAzaoZG2IAV7YcW0VgFQgA%3D%3D&trackingId=wiEZPpPcbuzv8KoUhwEaEA%3D%3D&position=5&pageNum=5&trk=public_jobs_jserp-result_search-card
116,Data Engineer,PT. EIKON Technology,Area DKI Jakarta,2023-09-05,https://id.linkedin.com/jobs/view/head-of-data-engineer-at-moladin-3727810849?refId=%2BAzaoZG2IAV7YcW0VgFQgA%3D%3D&trackingId=tY%2FRLMhih3ug5rcyIcTTrA%3D%3D&position=6&pageNum=5&trk=public_jobs_jserp-result_search-card
117,Data Business Engagement Analyst,PT Bank Mayapada Internasional Tbk,Jakarta,2023-08-18,https://id.linkedin.com/jobs/view/business-analyst-staff-at-pt-bungasari-flour-mills-indonesia-3723638631?refId=%2BAzaoZG2IAV7YcW0VgFQgA%3D%3D&trackingId=KN8bm3fHWa165D59pNLdww%3D%3D&position=7&pageNum=5&trk=public_jobs_jserp-result_search-card
118,Business Data Analyst - Investment Tech of Big Conglo,Michael Page,Area DKI Jakarta,2023-07-10,https://id.linkedin.com/jobs/view/jr-backend-developer-go-at-pt-erajaya-swasembada-tbk-3709787732?refId=%2BAzaoZG2IAV7YcW0VgFQgA%3D%3D&trackingId=6Ua78x1O7%2BJt0pB5r7zYaA%3D%3D&position=8&pageNum=5&trk=public_jobs_jserp-result_search-card
119,Data Engineer,Accenture Southeast Asia,Area DKI Jakarta,2023-09-22,https://id.linkedin.com/jobs/view/sr-data-engineer-at-nikel-3667173678?refId=%2BAzaoZG2IAV7YcW0VgFQgA%3D%3D&trackingId=4T2Nb2lpCjeuUIQqAJ5pPQ%3D%3D&position=9&pageNum=5&trk=public_jobs_jserp-result_search-card
120,Lead Data Engineer,Indodana,Jakarta,2023-08-18,https://id.linkedin.com/jobs/view/consulting-analyst-growth-analytics-at-frost-sullivan-3725536100?refId=%2BAzaoZG2IAV7YcW0VgFQgA%3D%3D&trackingId=fkkPHKakkXzh5Uru2CSspQ%3D%3D&position=10&pageNum=5&trk=public_jobs_jserp-result_search-card
121,Business Intelligence Developer,"LanceSoft, Inc.","Jakarta Raya, Indonesia",2023-09-14,https://id.linkedin.com/jobs/view/data-engineer-user-david-at-diksha-teknologi-indonesia-3704953525?refId=%2BAzaoZG2IAV7YcW0VgFQgA%3D%3D&trackingId=xfUAKzOUJzIIQYlXxK%2FojQ%3D%3D&position=11&pageNum=5&trk=public_jobs_jserp-result_search-card
122,Data & Reporting Social Media Analyst,Pt. Ivonesia Solusi Data (ivosights),Jakarta,2023-09-08,https://id.linkedin.com/jobs/view/senior-associate-data-analytic-at-talent-hunts-indonesia-3683247146?refId=%2BAzaoZG2IAV7YcW0VgFQgA%3D%3D&trackingId=F3YWgraLAo%2BBwAvnQ8Wq8g%3D%3D&position=12&pageNum=5&trk=public_jobs_jserp-result_search-card
123,"Data Analyst/ Senior Data Analyst (Bangkok Based, Relocation Support Provided)",Agoda,Area DKI Jakarta,2023-09-26,https://id.linkedin.com/jobs/view/mid-data-engineer-talent-pool-at-staffinc-group-3656158463?refId=%2BAzaoZG2IAV7YcW0VgFQgA%3D%3D&trackingId=djLF7WPEy6qH%2FkK2lcI0wA%3D%3D&position=13&pageNum=5&trk=public_jobs_jserp-result_search-card
124,Data Architecture Analyst,PT Bank Mayapada Internasional Tbk,Jakarta,2023-08-15,https://id.linkedin.com/jobs/view/data-lead-insight-analytics-leading-retail-finance-at-michael-page-3575869115?refId=%2BAzaoZG2IAV7YcW0VgFQgA%3D%3D&trackingId=FzSCgueKDl4wafyY2dYpTA%3D%3D&position=14&pageNum=5&trk=public_jobs_jserp-result_search-card
125,POWER BI REPORT DEVELOPER,Beca,Area DKI Jakarta,2023-09-25,https://id.linkedin.com/jobs/view/data-management-engineer-at-advance-ai-3619039816?refId=%2BAzaoZG2IAV7YcW0VgFQgA%3D%3D&trackingId=gP0Qes%2FXWZW8EKB9ZCRHhA%3D%3D&position=15&pageNum=5&trk=public_jobs_jserp-result_search-card
126,Business System Analyst,Traveloka,Area DKI Jakarta,2023-08-29,https://id.linkedin.com/jobs/view/fintech-unicorn-credit-risk-data-analyst-assistant-manager-at-matchatalent-3727470297?refId=%2BAzaoZG2IAV7YcW0VgFQgA%3D%3D&trackingId=C2JLcPhoiH149%2BwaS%2Fz8zQ%3D%3D&position=16&pageNum=5&trk=public_jobs_jserp-result_search-card
127,Business Analyst - Retail,Michael Page,Area DKI Jakarta,2023-06-20,https://id.linkedin.com/jobs/view/business-information-analyst-at-skf-group-3710758068?refId=%2BAzaoZG2IAV7YcW0VgFQgA%3D%3D&trackingId=lXf6OV6JtFkLG9K3L4N1mw%3D%3D&position=17&pageNum=5&trk=public_jobs_jserp-result_search-card
128,SQL Databases Developer,PT. Anandita Jagad Perkasa,Area DKI Jakarta,2023-09-13,https://id.linkedin.com/jobs/view/people-analytics-specialist%E2%80%8B-%E2%80%93-bangkok-based-at-agoda-3711171272?refId=%2BAzaoZG2IAV7YcW0VgFQgA%3D%3D&trackingId=Q4lflp1%2FeapTJyZqNkOT7w%3D%3D&position=18&pageNum=5&trk=public_jobs_jserp-result_search-card
129,Data Management - Global Series B Fintech,Michael Page,Area DKI Jakarta,2023-03-29,https://id.linkedin.com/jobs/view/sr-manager-enterprise-data-analyst-giant-tech-at-michael-page-3711619523?refId=%2BAzaoZG2IAV7YcW0VgFQgA%3D%3D&trackingId=QxbV0pi%2FPK72t8FUetCmFw%3D%3D&position=20&pageNum=5&trk=public_jobs_jserp-result_search-card
130,Head of Data Engineer,Moladin,Kota Jakarta Selatan,2023-09-25,https://id.linkedin.com/jobs/view/senior-data-engineer-at-regask%E2%84%A2-regulatory-affairs-3667221014?refId=%2BAzaoZG2IAV7YcW0VgFQgA%3D%3D&trackingId=%2BlxJwtMJlttlwJRqA5eRJA%3D%3D&position=21&pageNum=5&trk=public_jobs_jserp-result_search-card
131,Business Analyst Staff,PT Bungasari Flour Mills Indonesia,Jakarta,2023-09-18,https://id.linkedin.com/jobs/view/enterprise-data-analyst-senior-manager-at-michael-page-3711622296?refId=%2BAzaoZG2IAV7YcW0VgFQgA%3D%3D&trackingId=KuqW29lQEErIgD8TXWRLmA%3D%3D&position=23&pageNum=5&trk=public_jobs_jserp-result_search-card
132,Jr. Backend Developer (Go),"PT. Erajaya Swasembada, Tbk.",Jakarta,2023-09-11,https://id.linkedin.com/jobs/view/senior-data-engineer-at-byorange-3667173734?refId=%2BAzaoZG2IAV7YcW0VgFQgA%3D%3D&trackingId=08HTQn5N7gyggYZmcGALhg%3D%3D&position=24&pageNum=5&trk=public_jobs_jserp-result_search-card
133,Sr. Data Engineer,Nikel,Jakarta,2023-06-22,https://id.linkedin.com/jobs/view/security-engineer-iam-at-byorange-3667174720?refId=%2BAzaoZG2IAV7YcW0VgFQgA%3D%3D&trackingId=Wugt1nebYvUW8dh6mHxvEw%3D%3D&position=25&pageNum=5&trk=public_jobs_jserp-result_search-card
134,"Consulting Analyst, Growth Analytics",Frost & Sullivan,Jakarta,2023-09-27,https://id.linkedin.com/jobs/view/security-engineer-iam-at-byorange-3667174720?refId=wWjoYM0WpBtrKOrh%2F2ji2Q%3D%3D&trackingId=%2BlcljNd3sqRHAvefJcRVHg%3D%3D&position=1&pageNum=6&trk=public_jobs_jserp-result_search-card
135,Data Engineer (User David),Diksha Teknologi Indonesia,Area DKI Jakarta,2023-08-30,https://id.linkedin.com/jobs/view/data-engineer-manager-at-ninja-van-3693855377?refId=wWjoYM0WpBtrKOrh%2F2ji2Q%3D%3D&trackingId=Km%2BHEdE4QcW0EbvWhgOpGQ%3D%3D&position=3&pageNum=6&trk=public_jobs_jserp-result_search-card
136,Senior Associate - Data Analytic,Talent Hunts Indonesia,Jakarta,2023-08-04,https://id.linkedin.com/jobs/view/power-bi-instructor-part-time-at-hacktiv8-indonesia-3668161562?refId=wWjoYM0WpBtrKOrh%2F2ji2Q%3D%3D&trackingId=%2FIXgLTPoy%2BbqbQAkg3bloQ%3D%3D&position=4&pageNum=6&trk=public_jobs_jserp-result_search-card
137,Mid. Data Engineer (Talent Pool),Staffinc Group,Jakarta,2023-07-05,https://id.linkedin.com/jobs/view/power-bi-developer-at-vlink-inc-3711048457?refId=wWjoYM0WpBtrKOrh%2F2ji2Q%3D%3D&trackingId=VTlQ3L23Q9FyJ4hm9J8UHg%3D%3D&position=5&pageNum=6&trk=public_jobs_jserp-result_search-card
138,Data Lead (Insight & Analytics) - Leading Retail Finance,Michael Page,Area DKI Jakarta,2023-03-29,https://id.linkedin.com/jobs/view/data-integration-specialist-at-systemiq-ltd-3705692680?refId=wWjoYM0WpBtrKOrh%2F2ji2Q%3D%3D&trackingId=ZzQVBAfaiN1ptNIjXVvhGQ%3D%3D&position=6&pageNum=6&trk=public_jobs_jserp-result_search-card
139,Data management engineer,ADVANCE.AI,Jakarta,2023-05-04,https://id.linkedin.com/jobs/view/lead-data-engineer-at-cermati-com-3690196798?refId=wWjoYM0WpBtrKOrh%2F2ji2Q%3D%3D&trackingId=SWl7CjM%2B%2FPvss%2Bwbpi9bhA%3D%3D&position=7&pageNum=6&trk=public_jobs_jserp-result_search-card
140,(FinTech Unicorn) Credit Risk Data Analyst - Assistant Manager,MatchaTalent,Jakarta,2023-09-24,https://id.linkedin.com/jobs/view/senior-analytics-consultant-at-logicalis-asia-3648662155?refId=wWjoYM0WpBtrKOrh%2F2ji2Q%3D%3D&trackingId=OlTKjGCHgfCVgVs4NV9IAA%3D%3D&position=9&pageNum=6&trk=public_jobs_jserp-result_search-card
141,Business Information Analyst,SKF Group,"Jakarta Raya, Indonesia",2023-09-06,https://id.linkedin.com/jobs/view/developer-at-pt-kairos-utama-indonesia-3727671843?refId=wWjoYM0WpBtrKOrh%2F2ji2Q%3D%3D&trackingId=J6K4C%2BARmeIkK6%2BOwMnHvw%3D%3D&position=10&pageNum=6&trk=public_jobs_jserp-result_search-card
142,People Analytics Specialist – Bangkok based,Agoda,Area DKI Jakarta,2023-09-28,https://id.linkedin.com/jobs/view/senior-technical-support-analyst-skyvera-remote-%2430-000-year-usd-at-crossover-3715437966?refId=wWjoYM0WpBtrKOrh%2F2ji2Q%3D%3D&trackingId=%2Bw6GOJ0y0s3WtucH1RxHrw%3D%3D&position=11&pageNum=6&trk=public_jobs_jserp-result_search-card
143,Data Engineer,PT Data Labs Analytics,Jakarta,2023-09-26,https://id.linkedin.com/jobs/view/odoo-developer-at-pt-bsr-indonesia-3705327648?refId=wWjoYM0WpBtrKOrh%2F2ji2Q%3D%3D&trackingId=i9zBh5jwo8o1zoWIHnJxjg%3D%3D&position=12&pageNum=6&trk=public_jobs_jserp-result_search-card
144,Sr. Manager Enterprise Data Analyst - Giant Tech,Michael Page,Area DKI Jakarta,2023-09-12,https://id.linkedin.com/jobs/view/security-engineer-soc-at-bibit-id-3683744349?refId=wWjoYM0WpBtrKOrh%2F2ji2Q%3D%3D&trackingId=AmzcWKKbygY8ti5CAovy%2Bg%3D%3D&position=13&pageNum=6&trk=public_jobs_jserp-result_search-card
145,Senior Data Engineer,RegASK™ - Regulatory Affairs,Area DKI Jakarta,2023-06-22,https://id.linkedin.com/jobs/view/assistant-manager-business-analyst-at-prudential-indonesia-pt-prudential-life-assurance-3677042511?refId=wWjoYM0WpBtrKOrh%2F2ji2Q%3D%3D&trackingId=FB2zU3R7nxUWxDAi458AxQ%3D%3D&position=14&pageNum=6&trk=public_jobs_jserp-result_search-card
146,Data Engineer,EMBLEM OF STRENGTH & COURAGE TECHNOLOGY PTE. LTD,Area DKI Jakarta,2023-09-26,https://id.linkedin.com/jobs/view/ms-engineer-at-ntt-ltd-3680495848?refId=wWjoYM0WpBtrKOrh%2F2ji2Q%3D%3D&trackingId=B%2BOMFZAvayXHq8NWKQ12Ig%3D%3D&position=15&pageNum=6&trk=public_jobs_jserp-result_search-card
147,Enterprise Data Analyst Senior Manager,Michael Page,Area DKI Jakarta,2023-09-09,https://id.linkedin.com/jobs/view/lead-data-engineer-at-aliz-3606471788?refId=wWjoYM0WpBtrKOrh%2F2ji2Q%3D%3D&trackingId=Np5iWdjnSBG79Lu8fBzAFg%3D%3D&position=16&pageNum=6&trk=public_jobs_jserp-result_search-card
148,Senior Data Engineer,byOrange,Jakarta,2023-06-22,https://id.linkedin.com/jobs/view/it-web-developer-at-kalbe-nutritionals-pt-sanghiang-perkasa-3711147855?refId=wWjoYM0WpBtrKOrh%2F2ji2Q%3D%3D&trackingId=Lsz2e1gLx1EXuZi53JB3YQ%3D%3D&position=17&pageNum=6&trk=public_jobs_jserp-result_search-card
149,Security Engineer - IAM,byOrange,Jakarta,2023-06-22,https://id.linkedin.com/jobs/view/staff-data-engineer-at-xendit-3707423677?refId=wWjoYM0WpBtrKOrh%2F2ji2Q%3D%3D&trackingId=ZtV%2BtFuTMj9nQQXpaNlKLw%3D%3D&position=18&pageNum=6&trk=public_jobs_jserp-result_search-card
150,Security Engineer - IAM,byOrange,Jakarta,2023-06-22,https://id.linkedin.com/jobs/view/senior-analyst-at-pt-batutua-tembaga-raya-3715675721?refId=wWjoYM0WpBtrKOrh%2F2ji2Q%3D%3D&trackingId=poYzCflJAxxzfp4xKgpNLg%3D%3D&position=19&pageNum=6&trk=public_jobs_jserp-result_search-card
151,IT Developer,PT Sarana Sukses Sejahtera - Jakarta Utara,Duri Utara,2023-09-30,https://id.linkedin.com/jobs/view/sap-business-analyst-for-indirect-procurement-at-pt-lion-super-indo-3699239575?refId=wWjoYM0WpBtrKOrh%2F2ji2Q%3D%3D&trackingId=RCND%2BIr7SmgvX62acJ0JPA%3D%3D&position=20&pageNum=6&trk=public_jobs_jserp-result_search-card
152,Data Engineer Manager,Ninja Van,Area DKI Jakarta,2023-09-26,https://id.linkedin.com/jobs/view/omnichannel-data-analytics-manager-at-gsk-3715640148?refId=wWjoYM0WpBtrKOrh%2F2ji2Q%3D%3D&trackingId=%2Btz0pJNL7TgJ4gKNfuPdNg%3D%3D&position=21&pageNum=6&trk=public_jobs_jserp-result_search-card
153,Power BI Instructor (Part-Time),Hacktiv8 Indonesia,Jakarta,2023-06-23,https://id.linkedin.com/jobs/view/full-stack-developer-at-pt-smart-tbk-3711153368?refId=wWjoYM0WpBtrKOrh%2F2ji2Q%3D%3D&trackingId=YUgGvSlHWilBA3A7G%2FoyKA%3D%3D&position=22&pageNum=6&trk=public_jobs_jserp-result_search-card
154,Power BI Developer,VLink Inc,Area DKI Jakarta,2023-09-04,https://id.linkedin.com/jobs/view/service-engineer-at-hach-3721030533?refId=wWjoYM0WpBtrKOrh%2F2ji2Q%3D%3D&trackingId=NEM%2FNrKezgN6X1JneViROw%3D%3D&position=23&pageNum=6&trk=public_jobs_jserp-result_search-card
155,Data Integration Specialist,Systemiq Ltd.,"Jakarta Raya, Indonesia",2023-09-06,https://id.linkedin.com/jobs/view/staff-front-end-developer-at-pt-fitaja-digital-nusantara-3726776225?refId=wWjoYM0WpBtrKOrh%2F2ji2Q%3D%3D&trackingId=Nsrmjhb3o8ttEiteyeaxbA%3D%3D&position=24&pageNum=6&trk=public_jobs_jserp-result_search-card
156,Lead Data Engineer,cermati.com,Area DKI Jakarta,2023-09-20,https://id.linkedin.com/jobs/view/security-engineer-at-ntt-ltd-3704831935?refId=wWjoYM0WpBtrKOrh%2F2ji2Q%3D%3D&trackingId=8p2vmlpw%2FE2pWcA3HBVY1Q%3D%3D&position=25&pageNum=6&trk=public_jobs_jserp-result_search-card
157,Data Engineer,Sistema Datapilar,Area DKI Jakarta,2023-09-28,https://id.linkedin.com/jobs/view/ms-engineer-at-ntt-ltd-3714062728?refId=20n0Tv%2FNkZfDASAiCQP9vg%3D%3D&trackingId=defYrzdZbn7RsL5umUDXZg%3D%3D&position=1&pageNum=7&trk=public_jobs_jserp-result_search-card
158,Senior Analytics Consultant,Logicalis Asia,Jakarta,2023-09-23,https://id.linkedin.com/jobs/view/senior-data-engineer-at-zoomo-3726703754?refId=20n0Tv%2FNkZfDASAiCQP9vg%3D%3D&trackingId=3YUEBhO2mXpNERlMjqQutQ%3D%3D&position=2&pageNum=7&trk=public_jobs_jserp-result_search-card
159,Developer,PT. Kairos Utama Indonesia,Jakarta,2023-09-25,https://id.linkedin.com/jobs/view/sr-data-engineer-talent-pool-at-staffinc-group-3656159454?refId=20n0Tv%2FNkZfDASAiCQP9vg%3D%3D&trackingId=N%2BZrPR96MUuWAaa1TXQncw%3D%3D&position=3&pageNum=7&trk=public_jobs_jserp-result_search-card
160,"Senior Technical Support Analyst, Skyvera (Remote) - $30,000/year USD",Crossover,Area DKI Jakarta,2023-09-29,https://id.linkedin.com/jobs/view/it-junior-java-developer-at-pt-sinarmas-multifinance-3711154151?refId=20n0Tv%2FNkZfDASAiCQP9vg%3D%3D&trackingId=wgWDb5NFQBUNr3PfLrImyA%3D%3D&position=4&pageNum=7&trk=public_jobs_jserp-result_search-card
161,ODOO DEVELOPER,PT. BSR Indonesia,Jakarta,2023-09-05,https://id.linkedin.com/jobs/view/business-analyst-forecasting-planning-analysis-at-shopee-3674790517?refId=20n0Tv%2FNkZfDASAiCQP9vg%3D%3D&trackingId=nC2apOIzVDxwBy0SPBAGsQ%3D%3D&position=5&pageNum=7&trk=public_jobs_jserp-result_search-card
162,Security Engineer (SOC),Bibit.id,Area DKI Jakarta,2023-08-03,https://id.linkedin.com/jobs/view/cloud-security-engineer-at-byorange-3667175466?refId=20n0Tv%2FNkZfDASAiCQP9vg%3D%3D&trackingId=5fvHaVFSRvCqOjaBLfHt%2Fw%3D%3D&position=6&pageNum=7&trk=public_jobs_jserp-result_search-card
163,Assistant Manager - Business Analyst,Prudential Indonesia (PT Prudential Life Assurance),Jakarta,2023-09-28,https://id.linkedin.com/jobs/view/computer-vision-engineer-at-kecilin-3727573119?refId=20n0Tv%2FNkZfDASAiCQP9vg%3D%3D&trackingId=BYgJFOCa5jknviuG9CVh6A%3D%3D&position=7&pageNum=7&trk=public_jobs_jserp-result_search-card
164,MS Engineer,NTT Ltd.,Jakarta,2023-09-13,https://id.linkedin.com/jobs/view/quality-assurance-manual-at-somethinc-beautyhaul-3672459614?refId=20n0Tv%2FNkZfDASAiCQP9vg%3D%3D&trackingId=IDlCBM0bzcBqQjG6gn4ZTQ%3D%3D&position=8&pageNum=7&trk=public_jobs_jserp-result_search-card
165,Lead Data Engineer,Aliz,"Jakarta Raya, Indonesia",2023-09-06,https://id.linkedin.com/jobs/view/data-engineer-senior-manager-at-gojek-3711055345?refId=20n0Tv%2FNkZfDASAiCQP9vg%3D%3D&trackingId=xLls3xz9vJK3CyOlnL%2BWtw%3D%3D&position=9&pageNum=7&trk=public_jobs_jserp-result_search-card
166,IT Web Developer,Kalbe Nutritionals (PT Sanghiang Perkasa),Jakarta,2023-08-30,https://id.linkedin.com/jobs/view/bithealth-gradxpert-academy-2024-at-bithealth-3719290588?refId=20n0Tv%2FNkZfDASAiCQP9vg%3D%3D&trackingId=uCS8gfpaqpbppS0FswFyxQ%3D%3D&position=10&pageNum=7&trk=public_jobs_jserp-result_search-card
167,Staff Data Engineer,Xendit,Jakarta,2023-09-13,https://id.linkedin.com/jobs/view/application-security-engineer-at-pt-bank-jago-tbk-3641775213?refId=20n0Tv%2FNkZfDASAiCQP9vg%3D%3D&trackingId=YfFQ127%2FpjGQQ3RCR9RLng%3D%3D&position=11&pageNum=7&trk=public_jobs_jserp-result_search-card
168,Senior Analyst,PT Batutua Tembaga Raya,Jakarta,2023-09-27,https://id.linkedin.com/jobs/view/2023-system-engineer-at-pt-alto-network-3667171982?refId=20n0Tv%2FNkZfDASAiCQP9vg%3D%3D&trackingId=159US4SajL4FWVsgml%2BogQ%3D%3D&position=12&pageNum=7&trk=public_jobs_jserp-result_search-card
169,SAP Business Analyst (for Indirect Procurement),PT Lion Super Indo,"Jakarta Raya, Indonesia",2023-09-30,https://id.linkedin.com/jobs/view/ms-engineer-at-ntt-ltd-3718391431?refId=20n0Tv%2FNkZfDASAiCQP9vg%3D%3D&trackingId=r3OUZT49divr8tGbkafbfA%3D%3D&position=13&pageNum=7&trk=public_jobs_jserp-result_search-card
170,Omnichannel - Data & Analytics Manager,GSK,Jakarta,2023-09-06,https://id.linkedin.com/jobs/view/data-analytics-consultant-senior-manager-senior-manager-at-ey-3658324068?refId=20n0Tv%2FNkZfDASAiCQP9vg%3D%3D&trackingId=zg2UX56tQ7YaydQJ0z%2FK5w%3D%3D&position=14&pageNum=7&trk=public_jobs_jserp-result_search-card
171,Full Stack Developer,PT SMART Tbk,Jakarta,2023-09-15,https://id.linkedin.com/jobs/view/it-infrastructure-engineer-at-pt-aino-indonesia-3711151547?refId=20n0Tv%2FNkZfDASAiCQP9vg%3D%3D&trackingId=R0jfIF60J5MgnMcG6ktp3g%3D%3D&position=15&pageNum=7&trk=public_jobs_jserp-result_search-card
172,Service Engineer,Hach,"Jakarta Raya, Indonesia",2023-09-30,https://id.linkedin.com/jobs/view/global-software-data-engineer-at-samsung-electronics-southeast-asia-oceania-3706672284?refId=20n0Tv%2FNkZfDASAiCQP9vg%3D%3D&trackingId=FZityT57HkV0m8qioce1Vg%3D%3D&position=16&pageNum=7&trk=public_jobs_jserp-result_search-card
173,Staff Front-End Developer,PT FitAja Digital Nusantara,Jakarta,2023-09-04,https://id.linkedin.com/jobs/view/service-engineer-at-domino-printing-3728276647?refId=20n0Tv%2FNkZfDASAiCQP9vg%3D%3D&trackingId=GwTKxUe1O%2FR9%2FliiAPIhGg%3D%3D&position=17&pageNum=7&trk=public_jobs_jserp-result_search-card
174,Security Engineer,NTT Ltd.,"Jakarta Raya, Indonesia",2023-09-29,https://id.linkedin.com/jobs/view/business-system-analyst-supply-chain-at-potentia-hr-consulting-spenglerfox-3726809218?refId=20n0Tv%2FNkZfDASAiCQP9vg%3D%3D&trackingId=jhcTf%2FqRD7FkS8gUFMkNGQ%3D%3D&position=18&pageNum=7&trk=public_jobs_jserp-result_search-card
175,MS Engineer,NTT Ltd.,Jakarta,2023-07-05,https://id.linkedin.com/jobs/view/data-engineer-at-turing-3705269312?refId=20n0Tv%2FNkZfDASAiCQP9vg%3D%3D&trackingId=CI%2FMEb65pZ5MvsVSvOiiqQ%3D%3D&position=19&pageNum=7&trk=public_jobs_jserp-result_search-card
176,Senior Data Engineer,Zoomo,Jakarta,2023-09-06,https://id.linkedin.com/jobs/view/business-analyst-at-populix-3725729776?refId=20n0Tv%2FNkZfDASAiCQP9vg%3D%3D&trackingId=v2caYWpKV5Djvv45Fne8hg%3D%3D&position=20&pageNum=7&trk=public_jobs_jserp-result_search-card
177,Sr. Data Engineer (Talent Pool),Staffinc Group,Jakarta,2023-09-26,https://id.linkedin.com/jobs/view/it-engineer-at-michelin-3716461868?refId=20n0Tv%2FNkZfDASAiCQP9vg%3D%3D&trackingId=g6u3WbVrWEluo57RvF2kHA%3D%3D&position=21&pageNum=7&trk=public_jobs_jserp-result_search-card
178,IT Junior Java Developer,PT Sinarmas Multifinance,Jakarta,2023-06-22,https://id.linkedin.com/jobs/view/system-integrator-at-mekari-3638092017?refId=20n0Tv%2FNkZfDASAiCQP9vg%3D%3D&trackingId=3GmcCRk9gibi6WoDBrYLGA%3D%3D&position=22&pageNum=7&trk=public_jobs_jserp-result_search-card
179,"Business Analyst - Forecasting, Planning, & Analysis",Shopee,"Jakarta Raya, Indonesia",2023-09-27,https://id.linkedin.com/jobs/view/security-engineer-at-packet-systems-indonesia-3714320264?refId=20n0Tv%2FNkZfDASAiCQP9vg%3D%3D&trackingId=V6ereoK5qS49CRI%2FlhXPmA%3D%3D&position=23&pageNum=7&trk=public_jobs_jserp-result_search-card
180,Cloud Security Engineer,byOrange,Jakarta,2023-07-24,https://id.linkedin.com/jobs/view/cloud-data-engineer-at-ilmuone-data-3643478557?refId=20n0Tv%2FNkZfDASAiCQP9vg%3D%3D&trackingId=P4DtLo%2BWCPIKqLGHoQoPCA%3D%3D&position=24&pageNum=7&trk=public_jobs_jserp-result_search-card
181,Computer Vision Engineer,KECILIN,Jakarta,2023-09-25,https://id.linkedin.com/jobs/view/ms-engineer-at-ntt-ltd-3719954256?refId=20n0Tv%2FNkZfDASAiCQP9vg%3D%3D&trackingId=n49cprwAmBBWNlMBDpMkBg%3D%3D&position=25&pageNum=7&trk=public_jobs_jserp-result_search-card
182,Quality Assurance (Manual),Somethinc - BeautyHaul,Area DKI Jakarta,2023-09-13,https://id.linkedin.com/jobs/view/ms-engineer-at-ntt-ltd-3685665261?refId=IKTnZ0PpMoy79xQfgXPhxg%3D%3D&trackingId=9O2tSxQ9vwSa%2BMwROpXXfA%3D%3D&position=1&pageNum=8&trk=public_jobs_jserp-result_search-card
183,Data Engineer - Senior Manager,Gojek,Jakarta,2023-05-28,https://id.linkedin.com/jobs/view/corporate-technology-business-analyst-intern-at-traveloka-3689686083?refId=IKTnZ0PpMoy79xQfgXPhxg%3D%3D&trackingId=r8wMrl9TcLvQkzFlPrqiLA%3D%3D&position=2&pageNum=8&trk=public_jobs_jserp-result_search-card
184,BitHealth GradXpert Academy 2024,BitHealth,Kota Tangerang,2023-06-22,https://id.linkedin.com/jobs/view/pre-sales-business-analyst-at-logicalis-asia-3648658601?refId=IKTnZ0PpMoy79xQfgXPhxg%3D%3D&trackingId=yS%2FJYFV1fRAVIZgGsWUBog%3D%3D&position=3&pageNum=8&trk=public_jobs_jserp-result_search-card
185,Application Security Engineer,PT Bank Jago Tbk,Jakarta,2023-09-09,https://id.linkedin.com/jobs/view/ms-engineer-at-ntt-ltd-3685665251?refId=IKTnZ0PpMoy79xQfgXPhxg%3D%3D&trackingId=kb1ABP6q1hIBqUw%2BCJKBJg%3D%3D&position=5&pageNum=8&trk=public_jobs_jserp-result_search-card
186,2023 System Engineer,PT Alto Network,Area DKI Jakarta,2023-09-06,https://id.linkedin.com/jobs/view/senior-database-engineer-at-grab-3727014923?refId=IKTnZ0PpMoy79xQfgXPhxg%3D%3D&trackingId=83zK%2BYpg%2Bx88OksNhcbwUQ%3D%3D&position=6&pageNum=8&trk=public_jobs_jserp-result_search-card
187,MS Engineer,NTT Ltd.,Jakarta,2023-08-29,https://id.linkedin.com/jobs/view/senior-researcher-at-lembaga-survei-kedaikopi-3530296536?refId=IKTnZ0PpMoy79xQfgXPhxg%3D%3D&trackingId=DTdG9X7BHbBiXg330Oxgnw%3D%3D&position=8&pageNum=8&trk=public_jobs_jserp-result_search-card
188,Data Analytics Consultant (Senior - Manager - Senior Manager),EY,Jakarta,2023-09-28,https://id.linkedin.com/jobs/view/application-developer-at-accord-innovations-3612820005?refId=IKTnZ0PpMoy79xQfgXPhxg%3D%3D&trackingId=0qmhFwRF6hTUn1VqHbLR9Q%3D%3D&position=9&pageNum=8&trk=public_jobs_jserp-result_search-card
189,IT Infrastructure Engineer,PT Aino Indonesia,Jakarta,2023-09-25,https://id.linkedin.com/jobs/view/database-engineer-at-turing-3705286433?refId=IKTnZ0PpMoy79xQfgXPhxg%3D%3D&trackingId=hTA%2BdxO28odxp%2BpO5njZzA%3D%3D&position=10&pageNum=8&trk=public_jobs_jserp-result_search-card
190,Global Software Data Engineer,Samsung Electronics Southeast Asia & Oceania,Area DKI Jakarta,2023-08-27,https://id.linkedin.com/jobs/view/data-migration-engineer-at-pt-jasa-teknologi-informasi-3723224022?refId=IKTnZ0PpMoy79xQfgXPhxg%3D%3D&trackingId=zv1AwsjCjgpoTG%2BQMrJZEQ%3D%3D&position=11&pageNum=8&trk=public_jobs_jserp-result_search-card
191,Service Engineer,Domino Printing,"Jakarta Raya, Indonesia",2023-09-21,https://id.linkedin.com/jobs/view/data-engineer-at-turing-3705267517?refId=IKTnZ0PpMoy79xQfgXPhxg%3D%3D&trackingId=uglOIcddCiaklSayVK9CnA%3D%3D&position=12&pageNum=8&trk=public_jobs_jserp-result_search-card
192,Business System Analyst Supply Chain,Potentia HR Consulting - SpenglerFox,Jakarta,2023-09-19,https://id.linkedin.com/jobs/view/oracle-developer-at-pt-intikom-berlian-mustika-3716440299?refId=IKTnZ0PpMoy79xQfgXPhxg%3D%3D&trackingId=stTnaYSYXDbWK30OC5jrgQ%3D%3D&position=13&pageNum=8&trk=public_jobs_jserp-result_search-card
193,Data Engineer,Turing,Area DKI Jakarta,2023-06-19,https://id.linkedin.com/jobs/view/system-engineer-infra-at-pt-global-infotech-solution-3711184963?refId=IKTnZ0PpMoy79xQfgXPhxg%3D%3D&trackingId=phSHJUR4Hefuu%2BVOVr38pg%3D%3D&position=14&pageNum=8&trk=public_jobs_jserp-result_search-card
194,Business Analyst,Populix,Jakarta,2023-09-15,https://id.linkedin.com/jobs/view/senior-data-engineer-at-aliz-3682981992?refId=IKTnZ0PpMoy79xQfgXPhxg%3D%3D&trackingId=tNqjsW2zol2%2Ftob%2BR5MLwQ%3D%3D&position=15&pageNum=8&trk=public_jobs_jserp-result_search-card
195,IT Engineer,Michelin,Bekasi,2023-06-22,https://id.linkedin.com/jobs/view/data-engineer-at-turing-3705271250?refId=IKTnZ0PpMoy79xQfgXPhxg%3D%3D&trackingId=tfLHa%2BTo5ba8olFzNRAAyA%3D%3D&position=16&pageNum=8&trk=public_jobs_jserp-result_search-card
196,System Integrator,Mekari,Jakarta,2023-09-13,https://id.linkedin.com/jobs/view/ms-engineer-at-ntt-ltd-3660687835?refId=IKTnZ0PpMoy79xQfgXPhxg%3D%3D&trackingId=VR59TaHtBeY9DigEeG%2B4OQ%3D%3D&position=17&pageNum=8&trk=public_jobs_jserp-result_search-card
197,Security Engineer,Packet Systems Indonesia,Jakarta,2023-09-28,https://id.linkedin.com/jobs/view/security-engineer-l2-at-packet-systems-indonesia-3705667391?refId=IKTnZ0PpMoy79xQfgXPhxg%3D%3D&trackingId=nR0SytJR9uec406FfazC2g%3D%3D&position=18&pageNum=8&trk=public_jobs_jserp-result_search-card
198,Cloud Data Engineer,ilmuOne Data,Area DKI Jakarta,2023-08-09,https://id.linkedin.com/jobs/view/powerbuilder-developer-at-accord-innovations-3646348763?refId=IKTnZ0PpMoy79xQfgXPhxg%3D%3D&trackingId=WRHrHZa6%2BeBGiJtWz3LdIw%3D%3D&position=19&pageNum=8&trk=public_jobs_jserp-result_search-card
199,MS Engineer,NTT Ltd.,Jakarta,2023-09-23,https://id.linkedin.com/jobs/view/crm-internship-at-shiseido-indonesia-3726334919?refId=IKTnZ0PpMoy79xQfgXPhxg%3D%3D&trackingId=apcx92RcTTykHbSCIw5rrw%3D%3D&position=20&pageNum=8&trk=public_jobs_jserp-result_search-card
